[{"model": "api.devproject", "pk": 1, "fields": {"project_name": "\u7269\u4ea7\u5316\u5de5", "closed_status": 0, "create_time": "2017-05-31T14:44:02.644", "project_creator": 3, "dev_project_remark": ""}}, {"model": "api.devproject", "pk": 2, "fields": {"project_name": "\u5468\u62a5\u9879\u76ee", "closed_status": 0, "create_time": "2017-05-31T14:45:06.729", "project_creator": 3, "dev_project_remark": ""}}, {"model": "api.deveventtype", "pk": 1, "fields": {"event_type_name": "\u5f00\u53d1", "dev_event_type_remark": "", "closed_status": 0, "create_time": "2017-05-31T14:48:29.977"}}, {"model": "api.deveventtype", "pk": 2, "fields": {"event_type_name": "\u4f1a\u8bae", "dev_event_type_remark": "", "closed_status": 0, "create_time": "2017-05-31T14:48:36.982"}}, {"model": "api.deveventtype", "pk": 3, "fields": {"event_type_name": "\u5b66\u4e60", "dev_event_type_remark": "", "closed_status": 0, "create_time": "2017-06-08T14:08:23.473"}}, {"model": "api.devevent", "pk": 2, "fields": {"description": "\u6d4b\u8bd5\u6743\u9650", "event_date": "2017-06-08", "start_time": "17:05:58", "end_time": "18:05:58", "fin_percentage": 90, "up_reporter_id": "4", "down_reporter_ids": "2,1", "dev_event_remark": "\u5730\u65b9", "dev_event_create_time": "2017-06-08T17:08:54.867", "dev_event_owner": 4, "dev_event_project_id": 1, "dev_event_type": 2}}, {"model": "api.devevent", "pk": 3, "fields": {"description": "\u7b2c\u4e8c\u6b21\u6d4b\u8bd5\u6743\u9650", "event_date": "2017-06-08", "start_time": "14:04:58", "end_time": "18:05:58", "fin_percentage": 20, "up_reporter_id": "4", "down_reporter_ids": "2,1", "dev_event_remark": "\u5730\u65b9", "dev_event_create_time": "2017-06-08T17:09:04.842", "dev_event_owner": 4, "dev_event_project_id": 1, "dev_event_type": 1}}, {"model": "api.devevent", "pk": 4, "fields": {"description": "\u5f00\u53d1\u540e\u7aef\u529f\u80fd", "event_date": "2017-06-09", "start_time": "09:10:57", "end_time": "10:10:57", "fin_percentage": 100, "up_reporter_id": "5", "down_reporter_ids": "4,8", "dev_event_remark": "\u505a\u5b8c\u5566", "dev_event_create_time": "2017-06-09T09:11:19.801", "dev_event_owner": 7, "dev_event_project_id": 1, "dev_event_type": 1}}, {"model": "api.devevent", "pk": 5, "fields": {"description": "\u8ba8\u8bba\u4fee\u6539\u9700\u6c42", "event_date": "2017-06-09", "start_time": "09:12:15", "end_time": "10:12:15", "fin_percentage": 50, "up_reporter_id": "5", "down_reporter_ids": "8", "dev_event_remark": "\u54c8\u54c8", "dev_event_create_time": "2017-06-09T09:12:24.294", "dev_event_owner": 7, "dev_event_project_id": 1, "dev_event_type": 2}}, {"model": "api.devevent", "pk": 6, "fields": {"description": "\u5b66\u4e60js", "event_date": "2017-06-09", "start_time": "09:15:11", "end_time": "10:15:11", "fin_percentage": 40, "up_reporter_id": "5", "down_reporter_ids": "8", "dev_event_remark": "34", "dev_event_create_time": "2017-06-09T09:16:00.824", "dev_event_owner": 7, "dev_event_project_id": 1, "dev_event_type": 3}}, {"model": "api.devevent", "pk": 7, "fields": {"description": "\u5f00\u53d1\u524d\u7aef\u9875\u9762", "event_date": "2017-06-09", "start_time": "10:44:20", "end_time": "11:44:20", "fin_percentage": 30, "up_reporter_id": "7", "down_reporter_ids": "5", "dev_event_remark": "345435", "dev_event_create_time": "2017-06-09T10:44:38.217", "dev_event_owner": 8, "dev_event_project_id": 1, "dev_event_type": 1}}, {"model": "api.weeksummary", "pk": 1, "fields": {"natural_week": "2017-23", "summary": "\u603b\u7ed3", "self_evaluation": "\u8bc4\u4ef7\u4e00\u4e0b", "plan": "\u51e0\u4e4e\u4e00\u4e0b", "create_time": "2017-06-08T17:14:48.930", "summary_owner": 4}}, {"model": "api.weeksummary", "pk": 6, "fields": {"natural_week": "2017-23", "summary": "\u603b\u7ed3\u4e00\u4e0b\u5427", "self_evaluation": "\u597d", "plan": "\u5f85\u5b9a", "create_time": "2017-06-07T13:17:05.929", "summary_owner": 1}}, {"model": "api.weeksummary", "pk": 9, "fields": {"natural_week": "2017-25", "summary": "3324 \u6c34\u7535\u8d39", "self_evaluation": "3\u9632\u5b88\u6253\u6cd5", "plan": "3\u6c34\u7535\u8d39", "create_time": "2017-06-08T17:45:18.218", "summary_owner": 6}}, {"model": "api.weeksummary", "pk": 10, "fields": {"natural_week": "2017-23", "summary": "\u6d4b\u8bd5bug", "self_evaluation": "\u5730\u65b9", "plan": "\u5730\u65b9", "create_time": "2017-06-08T17:48:11.999", "summary_owner": 6}}, {"model": "api.weeksummary", "pk": 11, "fields": {"natural_week": "2017-22", "summary": "\u5b66\u4e9betl\u600e\u4e48\u505a", "self_evaluation": "\u8fdb\u5ea6\u8fd8\u884c", "plan": "\u8fdb\u4e00\u6b65\u5b66\u4e60", "create_time": "2017-06-09T09:05:30.759", "summary_owner": 4}}, {"model": "api.weeksummary", "pk": 12, "fields": {"natural_week": "2017-23", "summary": "\u5b66\u5199\u4e86js\u7684\u57fa\u7840", "self_evaluation": "\u8fdb\u6b65\u660e\u663e", "plan": "\u597d\u597d\u770b\u4e66", "create_time": "2017-06-09T09:16:39.326", "summary_owner": 7}}, {"model": "api.weeksummary", "pk": 14, "fields": {"natural_week": "2017-23", "summary": "\u5b8c\u6210\u8054\u901a\u7684\u521d\u6b21\u8c03\u67e5\u548c\u62dc\u8bbf", "self_evaluation": "\u633a\u597d", "plan": "\u54c8\u54c8\u54c8\u54c8", "create_time": "2017-06-09T10:14:20.169", "summary_owner": 9}}, {"model": "api.weeksummary", "pk": 15, "fields": {"natural_week": "2017-23", "summary": "\u719f\u6089angular \u548cvue", "self_evaluation": "\u5b66\u4e60\u80fd\u529b\u5f3a", "plan": "\u5f88\u591a", "create_time": "2017-06-09T10:44:58.135", "summary_owner": 8}}, {"model": "api.saleactivetype", "pk": 1, "fields": {"active_type_name": "\u521d\u6b21-\u964c\u751f", "sale_active_type_remark": "", "create_time": "2017-06-08T16:15:33.547", "closed_status": 0}}, {"model": "api.saleactivetype", "pk": 2, "fields": {"active_type_name": "\u521d\u6b21-\u6e20\u9053", "sale_active_type_remark": "", "create_time": "2017-06-08T16:15:33.547", "closed_status": 0}}, {"model": "api.saleactivetype", "pk": 3, "fields": {"active_type_name": "\u8ddf\u8fdb", "sale_active_type_remark": "", "create_time": "2017-06-08T16:15:33.547", "closed_status": 0}}, {"model": "api.saleactivetype", "pk": 4, "fields": {"active_type_name": "\u7535\u8bdd", "sale_active_type_remark": "", "create_time": "2017-06-08T16:15:33.547", "closed_status": 0}}, {"model": "api.saleactivetype", "pk": 5, "fields": {"active_type_name": "\u5403\u996d", "sale_active_type_remark": "", "create_time": "2017-06-08T16:15:33.547", "closed_status": 0}}, {"model": "api.saleactivetype", "pk": 6, "fields": {"active_type_name": "\u5a31\u4e50", "sale_active_type_remark": "", "create_time": "2017-06-08T16:15:33.547", "closed_status": 0}}, {"model": "api.salecustomer", "pk": 4, "fields": {"full_name": "\u676d\u5dde\u7fa4\u4e30\u679c\u54c1\u8fde\u9501\u6709\u9650\u516c\u53f8", "short_name": "\u9c9c\u4e30\u6c34\u679c", "contact_post": "\u90e8\u95e8\u7ecf\u7406", "contact_name": "\u5218\u7ecf\u7406", "contact_mdn": "17688888818", "contact_tel_num": "85464568", "sale_customer_remark": "\u5ba2\u6237\u5907\u6ce8", "sale_customer_owner": 6, "create_time": "2017-06-08T17:22:37.810", "closed_status": 0}}, {"model": "api.salecustomer", "pk": 5, "fields": {"full_name": "\u6d59\u6c5f\u4e00\u9e23\u98df\u54c1\u80a1\u4efd\u6709\u9650\u516c\u53f8", "short_name": "\u4e00\u9e23", "contact_post": "\u90e8\u95e8\u7ecf\u7406", "contact_name": "\u738b\u7ecf\u7406", "contact_mdn": "199999888", "contact_tel_num": "45783157", "sale_customer_remark": "\u5ba2\u6237\u5907\u6ce82", "sale_customer_owner": 6, "create_time": "2017-06-08T17:22:37.810", "closed_status": 0}}, {"model": "api.salecustomer", "pk": 6, "fields": {"full_name": "\u6d59\u6c5f\u661f\u5965\u6c7d\u8f66\u7ef4\u4fee\u670d\u52a1\u6709\u9650\u516c\u53f8", "short_name": "\u661f\u5965\u8f66\u8054", "contact_post": "\u603b\u7ecf\u7406", "contact_name": "\u4f55\u7ecf\u7406", "contact_mdn": "111111118", "contact_tel_num": "45783432", "sale_customer_remark": "\u5ba2\u6237\u5907\u6ce83", "sale_customer_owner": 6, "create_time": "2017-06-08T17:22:37.810", "closed_status": 0}}, {"model": "api.salecustomer", "pk": 7, "fields": {"full_name": "\u4e2d\u56fd\u7535\u4fe1\u7f51\u4e0a\u8425\u4e1a\u5385", "short_name": "\u7535\u4fe1\u7f51", "contact_post": "ceo", "contact_name": "\u9648\u6653\u6653", "contact_mdn": "12343435546", "contact_tel_num": "0734-3432432", "sale_customer_remark": "\u58eb\u5927\u592b\u6492", "sale_customer_owner": 9, "create_time": "2017-06-09T10:01:29.720", "closed_status": 0}}, {"model": "api.salecustomer", "pk": 8, "fields": {"full_name": "\u4e2d\u56fd\u8054\u901a\u7f51\u4e0a\u8425\u4e1a\u5385", "short_name": "\u8054\u901a\u7f51", "contact_post": "cto", "contact_name": "\u5e38\u7b11\u7b11", "contact_mdn": "1894512781", "contact_tel_num": "223423423", "sale_customer_remark": "\u662f\u5426", "sale_customer_owner": 9, "create_time": "2017-06-09T10:04:00.920", "closed_status": 0}}, {"model": "api.salephase", "pk": 2, "fields": {"phase_name": "G", "description": "\u65e0\u6cd5\u63cf\u8ff0", "phase_count": 100, "sale_phase_remark": null, "create_time": "2017-05-31T14:28:21.449", "closed_status": 0}}, {"model": "api.salephase", "pk": 3, "fields": {"phase_name": "B", "description": "\u65e0\u6cd5\u63cf\u8ff0", "phase_count": 100, "sale_phase_remark": null, "create_time": "2017-05-31T14:28:21.449", "closed_status": 0}}, {"model": "api.salephase", "pk": 4, "fields": {"phase_name": "C", "description": "\u65e0\u6cd5\u63cf\u8ff0", "phase_count": 100, "sale_phase_remark": null, "create_time": "2017-05-31T14:28:21.449", "closed_status": 0}}, {"model": "api.salephase", "pk": 5, "fields": {"phase_name": "D", "description": "\u65e0\u6cd5\u63cf\u8ff0", "phase_count": 100, "sale_phase_remark": null, "create_time": "2017-05-31T14:28:21.449", "closed_status": 0}}, {"model": "api.salephase", "pk": 6, "fields": {"phase_name": "E", "description": "\u65e0\u6cd5\u63cf\u8ff0", "phase_count": 100, "sale_phase_remark": null, "create_time": "2017-05-31T14:28:21.449", "closed_status": 0}}, {"model": "api.salephase", "pk": 7, "fields": {"phase_name": "F", "description": "\u65e0\u6cd5\u63cf\u8ff0", "phase_count": 100, "sale_phase_remark": null, "create_time": "2017-05-31T14:28:21.449", "closed_status": 0}}, {"model": "api.saletarget", "pk": 1, "fields": {"natural_week": "2017-23", "phase_name": 4, "target": 1, "phase_count": 10, "sale_target_remark": "\u54c8\u54c8", "create_time": "2017-06-01T09:13:35.249", "sale_target_owner": 6}}, {"model": "api.saletarget", "pk": 2, "fields": {"natural_week": "2017-23", "phase_name": 5, "target": 2, "phase_count": 3, "sale_target_remark": "\u5730\u65b9", "create_time": "2017-06-01T09:14:17.112", "sale_target_owner": 6}}, {"model": "api.saletarget", "pk": 3, "fields": {"natural_week": "2017-23", "phase_name": 6, "target": 4, "phase_count": 4, "sale_target_remark": "", "create_time": "2017-06-07T17:33:07.939", "sale_target_owner": 6}}, {"model": "api.saletarget", "pk": 4, "fields": {"natural_week": "2017-23", "phase_name": 3, "target": 3, "phase_count": 3, "sale_target_remark": "\u5730\u65b9", "create_time": "2017-06-01T09:14:17.112", "sale_target_owner": 6}}, {"model": "api.saleevent", "pk": 1, "fields": {"cus_con_post": "4", "visit_date": "2017-06-08", "cus_con_mdn": "4", "cus_con_tel_num": "4", "cus_con_wechart": "4", "communicate_record": "4", "sale_event_remark": "", "create_time": "2017-06-08T17:41:00.888", "sale_event_owner": 6, "active_type": 3, "sale_customer": 6, "sale_phase": 6}}, {"model": "api.saleevent", "pk": 2, "fields": {"cus_con_post": "3", "visit_date": "2017-06-09", "cus_con_mdn": "5", "cus_con_tel_num": "6", "cus_con_wechart": "4", "communicate_record": "\u6df7\u9762\u719f", "sale_event_remark": "\u7684\u6c34\u7535\u8d39\u6c34\u7535\u8d39\u662f\u8303\u5fb7\u8428\u8303\u5fb7\u8428", "create_time": "2017-06-09T09:23:51.805", "sale_event_owner": 6, "active_type": 3, "sale_customer": 6, "sale_phase": 3}}, {"model": "api.saleevent", "pk": 3, "fields": {"cus_con_post": "\u7ecf\u7406", "visit_date": "2017-06-05", "cus_con_mdn": "17634688890", "cus_con_tel_num": "0761-3434215", "cus_con_wechart": "sdfdsfsd23", "communicate_record": "\u521d\u6b65\u6c9f\u901a\u4e86\u4e1a\u52a1\u9700\u6c42", "sale_event_remark": "\u5907\u6ce8", "create_time": "2017-06-09T09:27:37.007", "sale_event_owner": 6, "active_type": 6, "sale_customer": 4, "sale_phase": 7}}, {"model": "api.saleevent", "pk": 4, "fields": {"cus_con_post": "34", "visit_date": "2017-06-09", "cus_con_mdn": "18823424234", "cus_con_tel_num": "34343-34343", "cus_con_wechart": "234234", "communicate_record": "\u6838\u5fc3\u9700\u6c42\u5df2\u8c08\u59a5", "sale_event_remark": "", "create_time": "2017-06-09T09:29:24.180", "sale_event_owner": 6, "active_type": 2, "sale_customer": 6, "sale_phase": 4}}, {"model": "api.saleevent", "pk": 6, "fields": {"cus_con_post": "cto", "visit_date": "2017-06-09", "cus_con_mdn": "134324234", "cus_con_tel_num": "234324-34", "cus_con_wechart": "ssdf", "communicate_record": "\u521d\u6b21\u78b0\u9762", "sale_event_remark": "\u58eb\u5927\u592b\u6492", "create_time": "2017-06-09T10:10:11.519", "sale_event_owner": 9, "active_type": 3, "sale_customer": 8, "sale_phase": 3}}, {"model": "api.saleevent", "pk": 7, "fields": {"cus_con_post": "\u7ecf\u7406", "visit_date": "2017-06-09", "cus_con_mdn": "12332423", "cus_con_tel_num": "343-234324", "cus_con_wechart": "sdfsdf", "communicate_record": "\u4e86\u89e3\u4e00\u4e0b", "sale_event_remark": "", "create_time": "2017-06-09T10:16:02.278", "sale_event_owner": 9, "active_type": 6, "sale_customer": 7, "sale_phase": 7}}, {"model": "api.saleevent", "pk": 8, "fields": {"cus_con_post": "\u526f\u603b", "visit_date": "2017-06-09", "cus_con_mdn": "12343234", "cus_con_tel_num": "342342", "cus_con_wechart": "2323", "communicate_record": "\u6c9f\u901a\u4e00\u4e0b", "sale_event_remark": "\u58eb\u5927\u592b\u6492", "create_time": "2017-06-09T10:18:02.711", "sale_event_owner": 9, "active_type": 5, "sale_customer": 7, "sale_phase": 5}}]