[{"model": "contenttypes.contenttype", "pk": 1, "fields": {"app_label": "admin", "model": "logentry"}}, {"model": "contenttypes.contenttype", "pk": 2, "fields": {"app_label": "auth", "model": "permission"}}, {"model": "contenttypes.contenttype", "pk": 3, "fields": {"app_label": "auth", "model": "group"}}, {"model": "contenttypes.contenttype", "pk": 4, "fields": {"app_label": "contenttypes", "model": "contenttype"}}, {"model": "contenttypes.contenttype", "pk": 5, "fields": {"app_label": "sessions", "model": "session"}}, {"model": "contenttypes.contenttype", "pk": 6, "fields": {"app_label": "api", "model": "deveventtype"}}, {"model": "contenttypes.contenttype", "pk": 7, "fields": {"app_label": "api", "model": "saleevent"}}, {"model": "contenttypes.contenttype", "pk": 8, "fields": {"app_label": "api", "model": "salephase"}}, {"model": "contenttypes.contenttype", "pk": 9, "fields": {"app_label": "api", "model": "devevent"}}, {"model": "contenttypes.contenttype", "pk": 10, "fields": {"app_label": "api", "model": "saleactivetype"}}, {"model": "contenttypes.contenttype", "pk": 11, "fields": {"app_label": "api", "model": "devproject"}}, {"model": "contenttypes.contenttype", "pk": 12, "fields": {"app_label": "api", "model": "weeksummary"}}, {"model": "contenttypes.contenttype", "pk": 13, "fields": {"app_label": "api", "model": "salecustomer"}}, {"model": "contenttypes.contenttype", "pk": 14, "fields": {"app_label": "api", "model": "saletarget"}}, {"model": "contenttypes.contenttype", "pk": 15, "fields": {"app_label": "accounts", "model": "department"}}, {"model": "contenttypes.contenttype", "pk": 17, "fields": {"app_label": "accounts", "model": "position"}}, {"model": "contenttypes.contenttype", "pk": 18, "fields": {"app_label": "djcelery", "model": "periodictask"}}, {"model": "contenttypes.contenttype", "pk": 19, "fields": {"app_label": "djcelery", "model": "crontabschedule"}}, {"model": "contenttypes.contenttype", "pk": 20, "fields": {"app_label": "djcelery", "model": "intervalschedule"}}, {"model": "contenttypes.contenttype", "pk": 21, "fields": {"app_label": "djcelery", "model": "periodictasks"}}, {"model": "contenttypes.contenttype", "pk": 22, "fields": {"app_label": "djcelery", "model": "taskmeta"}}, {"model": "contenttypes.contenttype", "pk": 23, "fields": {"app_label": "djcelery", "model": "tasksetmeta"}}, {"model": "contenttypes.contenttype", "pk": 24, "fields": {"app_label": "djcelery", "model": "workerstate"}}, {"model": "contenttypes.contenttype", "pk": 25, "fields": {"app_label": "djcelery", "model": "taskstate"}}, {"model": "contenttypes.contenttype", "pk": 26, "fields": {"app_label": "accounts", "model": "user"}}, {"model": "sessions.session", "pk": "4hy1167jwma6vuandblm022xdmnf82iq", "fields": {"session_data": "OTI4NDBmOTZjMDczNmQ3NGU2YjUwNmViZGY2ZGZhZGE3YWNiYTYwOTp7fQ==", "expire_date": "2017-06-22T16:25:11.236"}}, {"model": "sessions.session", "pk": "87gdr8u2b2zic2bo5shnj8zs3gz7qc62", "fields": {"session_data": "MzQ2NGRiNGYwZjEwZDAzYWYwNmE1OGI0ZjJmMzM0MWY4MTlkMDE0NDp7Il9hdXRoX3VzZXJfaGFzaCI6IjU2NjRmMDEyYTU2M2NjYWQ2ZTQ1OTdjOTkzMGE2ZGJmMjQ5ODRiMzIiLCJfYXV0aF91c2VyX2JhY2tlbmQiOiJkamFuZ28uY29udHJpYi5hdXRoLmJhY2tlbmRzLk1vZGVsQmFja2VuZCIsIl9hdXRoX3VzZXJfaWQiOiIxMiJ9", "expire_date": "2017-06-23T14:28:08.394"}}, {"model": "sessions.session", "pk": "enzcs0os6ku1aw0pxwufdvlzr49bzx18", "fields": {"session_data": "NzlhZjY3YTlmMGJkOTE4MWU2YzY0ODE0OWI3YjIxYzgwNDFjN2I2Zjp7Il9hdXRoX3VzZXJfaGFzaCI6ImY1MGJjZDNhNDk1ODExOWY5YTNmNWNiNTE4ZjQwYWViMjNlNTQxNjciLCJfYXV0aF91c2VyX2JhY2tlbmQiOiJkamFuZ28uY29udHJpYi5hdXRoLmJhY2tlbmRzLk1vZGVsQmFja2VuZCIsIl9hdXRoX3VzZXJfaWQiOiIzIn0=", "expire_date": "2017-06-23T14:39:48.076"}}, {"model": "sessions.session", "pk": "ftg7brrn2fcuflf91ee7fbixzxfko60a", "fields": {"session_data": "NzlhZjY3YTlmMGJkOTE4MWU2YzY0ODE0OWI3YjIxYzgwNDFjN2I2Zjp7Il9hdXRoX3VzZXJfaGFzaCI6ImY1MGJjZDNhNDk1ODExOWY5YTNmNWNiNTE4ZjQwYWViMjNlNTQxNjciLCJfYXV0aF91c2VyX2JhY2tlbmQiOiJkamFuZ28uY29udHJpYi5hdXRoLmJhY2tlbmRzLk1vZGVsQmFja2VuZCIsIl9hdXRoX3VzZXJfaWQiOiIzIn0=", "expire_date": "2017-06-23T14:40:04.080"}}, {"model": "sessions.session", "pk": "uzd84793qigcsqtwm41jdt46q0z7r8gc", "fields": {"session_data": "OTI4NDBmOTZjMDczNmQ3NGU2YjUwNmViZGY2ZGZhZGE3YWNiYTYwOTp7fQ==", "expire_date": "2017-06-22T16:27:36.520"}}, {"model": "sessions.session", "pk": "vf4a2564fvdkb5yunmiwp00zyjftcn78", "fields": {"session_data": "OTI4NDBmOTZjMDczNmQ3NGU2YjUwNmViZGY2ZGZhZGE3YWNiYTYwOTp7fQ==", "expire_date": "2017-06-22T16:25:38.693"}}, {"model": "sessions.session", "pk": "vfyvi33vxhcop4ysnzr1ou21k2vq9gex", "fields": {"session_data": "MjJjZjkyZWJmZDVmNDc5NzFiMGE1Yjg5NWE5YzE5Y2ViZjA2ZjRjOTp7Il9hdXRoX3VzZXJfaGFzaCI6ImI4OTc4NmMxYTliNGU3YzFjYTY5MGY2Njk2NTg0MTA3ZTg5MzBmNzYiLCJfYXV0aF91c2VyX2JhY2tlbmQiOiJkamFuZ28uY29udHJpYi5hdXRoLmJhY2tlbmRzLk1vZGVsQmFja2VuZCIsIl9hdXRoX3VzZXJfaWQiOiIxIn0=", "expire_date": "2017-06-22T18:28:43.782"}}, {"model": "api.deveventtype", "pk": 1, "fields": {"event_type_name": "\u5f00\u53d1", "dev_event_type_remark": "", "closed_status": 0, "create_time": "2017-05-31T14:48:29.977"}}, {"model": "api.deveventtype", "pk": 2, "fields": {"event_type_name": "\u4f1a\u8bae", "dev_event_type_remark": "", "closed_status": 0, "create_time": "2017-05-31T14:48:36.982"}}, {"model": "api.deveventtype", "pk": 3, "fields": {"event_type_name": "\u5b66\u4e60", "dev_event_type_remark": "", "closed_status": 0, "create_time": "2017-06-08T14:08:23.473"}}, {"model": "api.saleactivetype", "pk": 1, "fields": {"active_type_name": "\u521d\u6b21-\u964c\u751f", "sale_active_type_remark": "", "create_time": "2017-06-08T16:15:33.547", "closed_status": 0}}, {"model": "api.saleactivetype", "pk": 2, "fields": {"active_type_name": "\u521d\u6b21-\u6e20\u9053", "sale_active_type_remark": "", "create_time": "2017-06-08T16:15:33.547", "closed_status": 0}}, {"model": "api.saleactivetype", "pk": 3, "fields": {"active_type_name": "\u8ddf\u8fdb", "sale_active_type_remark": "", "create_time": "2017-06-08T16:15:33.547", "closed_status": 0}}, {"model": "api.saleactivetype", "pk": 4, "fields": {"active_type_name": "\u7535\u8bdd", "sale_active_type_remark": "", "create_time": "2017-06-08T16:15:33.547", "closed_status": 0}}, {"model": "api.saleactivetype", "pk": 5, "fields": {"active_type_name": "\u5403\u996d", "sale_active_type_remark": "", "create_time": "2017-06-08T16:15:33.547", "closed_status": 0}}, {"model": "api.saleactivetype", "pk": 6, "fields": {"active_type_name": "\u5a31\u4e50", "sale_active_type_remark": "", "create_time": "2017-06-08T16:15:33.547", "closed_status": 0}}, {"model": "api.salephase", "pk": 2, "fields": {"phase_name": "G", "description": "\u65e0\u6cd5\u63cf\u8ff0", "phase_count": 100, "sale_phase_remark": null, "create_time": "2017-05-31T14:28:21.449", "closed_status": 0}}, {"model": "api.salephase", "pk": 3, "fields": {"phase_name": "B", "description": "\u65e0\u6cd5\u63cf\u8ff0", "phase_count": 100, "sale_phase_remark": null, "create_time": "2017-05-31T14:28:21.449", "closed_status": 0}}, {"model": "api.salephase", "pk": 4, "fields": {"phase_name": "C", "description": "\u65e0\u6cd5\u63cf\u8ff0", "phase_count": 100, "sale_phase_remark": null, "create_time": "2017-05-31T14:28:21.449", "closed_status": 0}}, {"model": "api.salephase", "pk": 5, "fields": {"phase_name": "D", "description": "\u65e0\u6cd5\u63cf\u8ff0", "phase_count": 100, "sale_phase_remark": null, "create_time": "2017-05-31T14:28:21.449", "closed_status": 0}}, {"model": "api.salephase", "pk": 6, "fields": {"phase_name": "E", "description": "\u65e0\u6cd5\u63cf\u8ff0", "phase_count": 100, "sale_phase_remark": null, "create_time": "2017-05-31T14:28:21.449", "closed_status": 0}}, {"model": "api.salephase", "pk": 7, "fields": {"phase_name": "F", "description": "\u65e0\u6cd5\u63cf\u8ff0", "phase_count": 100, "sale_phase_remark": null, "create_time": "2017-05-31T14:28:21.449", "closed_status": 0}}, {"model": "accounts.department", "pk": 1, "fields": {"department_name": "\u6280\u672f\u670d\u52a1\u4e2d\u5fc3", "department_remark": "", "create_time": "2017-06-08T16:15:24.878"}}, {"model": "accounts.department", "pk": 2, "fields": {"department_name": "\u884c\u653f\u4e2d\u5fc3", "department_remark": "", "create_time": "2017-06-08T16:15:24.878"}}, {"model": "accounts.department", "pk": 3, "fields": {"department_name": "\u9500\u552e\u90e8", "department_remark": "", "create_time": "2017-06-08T16:15:24.878"}}, {"model": "accounts.department", "pk": 4, "fields": {"department_name": "\u7ba1\u7406\u7ec4", "department_remark": null, "create_time": "2017-06-09T10:34:00"}}, {"model": "accounts.position", "pk": 1, "fields": {"position_name": "\u524d\u7aef", "position_remark": "", "create_time": "2017-05-31T14:30:20.009"}}, {"model": "accounts.position", "pk": 2, "fields": {"position_name": "\u540e\u7aef", "position_remark": "", "create_time": "2017-05-31T14:30:26.845"}}, {"model": "accounts.position", "pk": 3, "fields": {"position_name": "ETL", "position_remark": "", "create_time": "2017-05-31T14:30:33.348"}}, {"model": "accounts.position", "pk": 4, "fields": {"position_name": "\u9500\u552e", "position_remark": null, "create_time": "2017-06-08T16:35:10"}}, {"model": "accounts.position", "pk": 5, "fields": {"position_name": "\u4e3b\u7ba1", "position_remark": null, "create_time": "2017-06-08T17:54:24"}}, {"model": "accounts.position", "pk": 6, "fields": {"position_name": "\u6d4b\u8bd5", "position_remark": "", "create_time": "2017-06-09T13:46:05.189"}}, {"model": "auth.permission", "pk": 155, "fields": {"name": "Can add log entry", "content_type": 1, "codename": "add_logentry"}}, {"model": "auth.permission", "pk": 156, "fields": {"name": "Can change log entry", "content_type": 1, "codename": "change_logentry"}}, {"model": "auth.permission", "pk": 157, "fields": {"name": "Can delete log entry", "content_type": 1, "codename": "delete_logentry"}}, {"model": "auth.permission", "pk": 158, "fields": {"name": "Can add group", "content_type": 3, "codename": "add_group"}}, {"model": "auth.permission", "pk": 159, "fields": {"name": "Can change group", "content_type": 3, "codename": "change_group"}}, {"model": "auth.permission", "pk": 160, "fields": {"name": "Can delete group", "content_type": 3, "codename": "delete_group"}}, {"model": "auth.permission", "pk": 161, "fields": {"name": "Can add permission", "content_type": 2, "codename": "add_permission"}}, {"model": "auth.permission", "pk": 162, "fields": {"name": "Can change permission", "content_type": 2, "codename": "change_permission"}}, {"model": "auth.permission", "pk": 163, "fields": {"name": "Can delete permission", "content_type": 2, "codename": "delete_permission"}}, {"model": "auth.permission", "pk": 164, "fields": {"name": "Can add content type", "content_type": 4, "codename": "add_contenttype"}}, {"model": "auth.permission", "pk": 165, "fields": {"name": "Can change content type", "content_type": 4, "codename": "change_contenttype"}}, {"model": "auth.permission", "pk": 166, "fields": {"name": "Can delete content type", "content_type": 4, "codename": "delete_contenttype"}}, {"model": "auth.permission", "pk": 167, "fields": {"name": "Can add session", "content_type": 5, "codename": "add_session"}}, {"model": "auth.permission", "pk": 168, "fields": {"name": "Can change session", "content_type": 5, "codename": "change_session"}}, {"model": "auth.permission", "pk": 169, "fields": {"name": "Can delete session", "content_type": 5, "codename": "delete_session"}}, {"model": "auth.permission", "pk": 170, "fields": {"name": "Can add dev event type", "content_type": 6, "codename": "add_deveventtype"}}, {"model": "auth.permission", "pk": 171, "fields": {"name": "Can change dev event type", "content_type": 6, "codename": "change_deveventtype"}}, {"model": "auth.permission", "pk": 172, "fields": {"name": "Can delete dev event type", "content_type": 6, "codename": "delete_deveventtype"}}, {"model": "auth.permission", "pk": 173, "fields": {"name": "\u6280\u672f\u5458\u5de5\uff1a\u67e5\u770b\u4e8b\u4ef6\u7c7b\u578b", "content_type": 6, "codename": "view_deveventtype"}}, {"model": "auth.permission", "pk": 174, "fields": {"name": "Can add sale event", "content_type": 7, "codename": "add_saleevent"}}, {"model": "auth.permission", "pk": 175, "fields": {"name": "Can change sale event", "content_type": 7, "codename": "change_saleevent"}}, {"model": "auth.permission", "pk": 176, "fields": {"name": "Can delete sale event", "content_type": 7, "codename": "delete_saleevent"}}, {"model": "auth.permission", "pk": 177, "fields": {"name": "Can add sale phase", "content_type": 8, "codename": "add_salephase"}}, {"model": "auth.permission", "pk": 178, "fields": {"name": "Can change sale phase", "content_type": 8, "codename": "change_salephase"}}, {"model": "auth.permission", "pk": 179, "fields": {"name": "Can delete sale phase", "content_type": 8, "codename": "delete_salephase"}}, {"model": "auth.permission", "pk": 180, "fields": {"name": "Can add dev event", "content_type": 9, "codename": "add_devevent"}}, {"model": "auth.permission", "pk": 181, "fields": {"name": "Can change dev event", "content_type": 9, "codename": "change_devevent"}}, {"model": "auth.permission", "pk": 182, "fields": {"name": "Can delete dev event", "content_type": 9, "codename": "delete_devevent"}}, {"model": "auth.permission", "pk": 183, "fields": {"name": "Can add sale active type", "content_type": 10, "codename": "add_saleactivetype"}}, {"model": "auth.permission", "pk": 184, "fields": {"name": "Can change sale active type", "content_type": 10, "codename": "change_saleactivetype"}}, {"model": "auth.permission", "pk": 185, "fields": {"name": "Can delete sale active type", "content_type": 10, "codename": "delete_saleactivetype"}}, {"model": "auth.permission", "pk": 186, "fields": {"name": "Can add dev project", "content_type": 11, "codename": "add_devproject"}}, {"model": "auth.permission", "pk": 187, "fields": {"name": "Can change dev project", "content_type": 11, "codename": "change_devproject"}}, {"model": "auth.permission", "pk": 188, "fields": {"name": "Can delete dev project", "content_type": 11, "codename": "delete_devproject"}}, {"model": "auth.permission", "pk": 189, "fields": {"name": "\u6280\u672f\u5458\u5de5\uff1a\u67e5\u770b\u9879\u76ee\u540d\u79f0", "content_type": 11, "codename": "view_devproject"}}, {"model": "auth.permission", "pk": 190, "fields": {"name": "Can add week summary", "content_type": 12, "codename": "add_weeksummary"}}, {"model": "auth.permission", "pk": 191, "fields": {"name": "Can change week summary", "content_type": 12, "codename": "change_weeksummary"}}, {"model": "auth.permission", "pk": 192, "fields": {"name": "Can delete week summary", "content_type": 12, "codename": "delete_weeksummary"}}, {"model": "auth.permission", "pk": 193, "fields": {"name": "Can add sale customer", "content_type": 13, "codename": "add_salecustomer"}}, {"model": "auth.permission", "pk": 194, "fields": {"name": "Can change sale customer", "content_type": 13, "codename": "change_salecustomer"}}, {"model": "auth.permission", "pk": 195, "fields": {"name": "Can delete sale customer", "content_type": 13, "codename": "delete_salecustomer"}}, {"model": "auth.permission", "pk": 196, "fields": {"name": "Can add sale target", "content_type": 14, "codename": "add_saletarget"}}, {"model": "auth.permission", "pk": 197, "fields": {"name": "Can change sale target", "content_type": 14, "codename": "change_saletarget"}}, {"model": "auth.permission", "pk": 198, "fields": {"name": "Can delete sale target", "content_type": 14, "codename": "delete_saletarget"}}, {"model": "auth.permission", "pk": 199, "fields": {"name": "Can add department", "content_type": 15, "codename": "add_department"}}, {"model": "auth.permission", "pk": 200, "fields": {"name": "Can change department", "content_type": 15, "codename": "change_department"}}, {"model": "auth.permission", "pk": 201, "fields": {"name": "Can delete department", "content_type": 15, "codename": "delete_department"}}, {"model": "auth.permission", "pk": 202, "fields": {"name": "Can add position", "content_type": 17, "codename": "add_position"}}, {"model": "auth.permission", "pk": 203, "fields": {"name": "Can change position", "content_type": 17, "codename": "change_position"}}, {"model": "auth.permission", "pk": 204, "fields": {"name": "Can delete position", "content_type": 17, "codename": "delete_position"}}, {"model": "auth.permission", "pk": 205, "fields": {"name": "Can add user", "content_type": 26, "codename": "add_user"}}, {"model": "auth.permission", "pk": 206, "fields": {"name": "Can change user", "content_type": 26, "codename": "change_user"}}, {"model": "auth.permission", "pk": 207, "fields": {"name": "Can delete user", "content_type": 26, "codename": "delete_user"}}, {"model": "auth.permission", "pk": 208, "fields": {"name": "Can add crontab", "content_type": 19, "codename": "add_crontabschedule"}}, {"model": "auth.permission", "pk": 209, "fields": {"name": "Can change crontab", "content_type": 19, "codename": "change_crontabschedule"}}, {"model": "auth.permission", "pk": 210, "fields": {"name": "Can delete crontab", "content_type": 19, "codename": "delete_crontabschedule"}}, {"model": "auth.permission", "pk": 211, "fields": {"name": "Can add saved group result", "content_type": 23, "codename": "add_tasksetmeta"}}, {"model": "auth.permission", "pk": 212, "fields": {"name": "Can change saved group result", "content_type": 23, "codename": "change_tasksetmeta"}}, {"model": "auth.permission", "pk": 213, "fields": {"name": "Can delete saved group result", "content_type": 23, "codename": "delete_tasksetmeta"}}, {"model": "auth.permission", "pk": 214, "fields": {"name": "Can add task", "content_type": 25, "codename": "add_taskstate"}}, {"model": "auth.permission", "pk": 215, "fields": {"name": "Can change task", "content_type": 25, "codename": "change_taskstate"}}, {"model": "auth.permission", "pk": 216, "fields": {"name": "Can delete task", "content_type": 25, "codename": "delete_taskstate"}}, {"model": "auth.permission", "pk": 217, "fields": {"name": "Can add interval", "content_type": 20, "codename": "add_intervalschedule"}}, {"model": "auth.permission", "pk": 218, "fields": {"name": "Can change interval", "content_type": 20, "codename": "change_intervalschedule"}}, {"model": "auth.permission", "pk": 219, "fields": {"name": "Can delete interval", "content_type": 20, "codename": "delete_intervalschedule"}}, {"model": "auth.permission", "pk": 220, "fields": {"name": "Can add task state", "content_type": 22, "codename": "add_taskmeta"}}, {"model": "auth.permission", "pk": 221, "fields": {"name": "Can change task state", "content_type": 22, "codename": "change_taskmeta"}}, {"model": "auth.permission", "pk": 222, "fields": {"name": "Can delete task state", "content_type": 22, "codename": "delete_taskmeta"}}, {"model": "auth.permission", "pk": 223, "fields": {"name": "Can add periodic task", "content_type": 18, "codename": "add_periodictask"}}, {"model": "auth.permission", "pk": 224, "fields": {"name": "Can change periodic task", "content_type": 18, "codename": "change_periodictask"}}, {"model": "auth.permission", "pk": 225, "fields": {"name": "Can delete periodic task", "content_type": 18, "codename": "delete_periodictask"}}, {"model": "auth.permission", "pk": 226, "fields": {"name": "Can add periodic tasks", "content_type": 21, "codename": "add_periodictasks"}}, {"model": "auth.permission", "pk": 227, "fields": {"name": "Can change periodic tasks", "content_type": 21, "codename": "change_periodictasks"}}, {"model": "auth.permission", "pk": 228, "fields": {"name": "Can delete periodic tasks", "content_type": 21, "codename": "delete_periodictasks"}}, {"model": "auth.permission", "pk": 229, "fields": {"name": "Can add worker", "content_type": 24, "codename": "add_workerstate"}}, {"model": "auth.permission", "pk": 230, "fields": {"name": "Can change worker", "content_type": 24, "codename": "change_workerstate"}}, {"model": "auth.permission", "pk": 231, "fields": {"name": "Can delete worker", "content_type": 24, "codename": "delete_workerstate"}}, {"model": "auth.permission", "pk": 232, "fields": {"name": "\u6280\u672f\u5458\u5de5\uff1a\u67e5\u770b\u672c\u4eba\u7684\u4e8b\u4ef6", "content_type": 9, "codename": "view_devevent"}}, {"model": "auth.permission", "pk": 233, "fields": {"name": "\u5bfc\u51fa\u672c\u4eba\u7684\u4e8b\u4ef6\u4e3aexcel", "content_type": 9, "codename": "export_excel"}}, {"model": "auth.permission", "pk": 234, "fields": {"name": "\u6280\u672f\u4e3b\u7ba1\uff1a\u5206\u6790\u5468\u62a5\u4e8b\u4ef6", "content_type": 9, "codename": "analysis_devevent"}}, {"model": "auth.permission", "pk": 235, "fields": {"name": "\u53ef\u4ee5\u67e5\u770b\u90e8\u95e8", "content_type": 15, "codename": "view_department"}}, {"model": "auth.permission", "pk": 236, "fields": {"name": "\u901a\u7528\uff1a\u53ef\u4ee5\u67e5\u770b\u804c\u4f4d", "content_type": 17, "codename": "view_position"}}, {"model": "auth.permission", "pk": 237, "fields": {"name": "\u901a\u7528\uff1a\u67e5\u770b\u7528\u6237\u4e2d\u6587\u540d", "content_type": 26, "codename": "view_chinesename"}}, {"model": "auth.permission", "pk": 238, "fields": {"name": "\u6280\u672f\u5458\u5de5\uff1a\u65b0\u589e\u5de5\u4f5c\u4e8b\u4ef6", "content_type": 9, "codename": "insert_devevent"}}, {"model": "auth.permission", "pk": 239, "fields": {"name": "\u6240\u6709\u5458\u5de5:\u67e5\u770b\u5458\u5de5\u81ea\u5df1\u7684\u5468\u62a5\u603b\u7ed3", "content_type": 12, "codename": "view_weeksummary"}}, {"model": "auth.permission", "pk": 240, "fields": {"name": "\u6240\u6709\u5458\u5de5:\u65b0\u589e\u81ea\u5df1\u7684\u5468\u62a5\u603b\u7ed3", "content_type": 12, "codename": "insert_weeksummary"}}, {"model": "auth.permission", "pk": 241, "fields": {"name": "\u6240\u6709\u4e3b\u7ba1:\u67e5\u770b\u5458\u5de5\u6bcf\u5468\u5468\u62a5\u603b\u7ed3", "content_type": 12, "codename": "analysis_weekly_summary"}}, {"model": "auth.permission", "pk": 242, "fields": {"name": "\u6240\u6709\u5458\u5de5:\u6807\u8bb0\u5220\u9664\u81ea\u5df1\u7684\u5468\u62a5\u603b\u7ed3", "content_type": 12, "codename": "markDel_weeksummary"}}, {"model": "auth.permission", "pk": 243, "fields": {"name": "\u9500\u552e\u5458\u5de5:\u67e5\u770b\u9500\u552e\u6d3b\u52a8\u7c7b\u578b", "content_type": 10, "codename": "view_SaleActivateType"}}, {"model": "auth.permission", "pk": 244, "fields": {"name": "\u9500\u552e\u5458\u5de5:\u67e5\u770b\u9500\u552e\u5ba2\u6237", "content_type": 13, "codename": "view_SaleCustomer"}}, {"model": "auth.permission", "pk": 245, "fields": {"name": "\u9500\u552e\u5458\u5de5:\u67e5\u770b\u9500\u552e\u62dc\u8bbf\u4e8b\u4ef6", "content_type": 7, "codename": "view_saleevent"}}, {"model": "auth.permission", "pk": 246, "fields": {"name": "\u9500\u552e\u4e3b\u7ba1:\u5206\u6790\u9500\u552e\u62dc\u8bbf\u4e8b\u4ef6", "content_type": 7, "codename": "analysis_sale_event"}}, {"model": "auth.permission", "pk": 247, "fields": {"name": "\u9500\u552e\u4e3b\u7ba1:\u67e5\u8be2\u9500\u552e\u62dc\u8bbf\u4e8b\u4ef6", "content_type": 7, "codename": "display_sale_event"}}, {"model": "auth.permission", "pk": 248, "fields": {"name": "\u9500\u552e\u5458\u5de5:\u67e5\u770b\u9500\u552e\u9636\u6bb5", "content_type": 8, "codename": "view_SalePhase"}}, {"model": "auth.permission", "pk": 249, "fields": {"name": "\u9500\u552e\u5458\u5de5:\u65b0\u589e\u9500\u552e\u62dc\u8bbf\u4e8b\u4ef6", "content_type": 7, "codename": "insert_saleevent"}}, {"model": "auth.permission", "pk": 250, "fields": {"name": "\u9500\u552e\u5458\u5de5:\u67e5\u770b\u9500\u552e\u62dc\u8bbf\u4e8b\u4ef6", "content_type": 7, "codename": "view_SaleEvent"}}, {"model": "auth.permission", "pk": 251, "fields": {"name": "\u6280\u672f\u5458\u5de5:\u6807\u8bb0\u5220\u9664\u81ea\u5df1\u7684\u5de5\u4f5c\u4e8b\u4ef6", "content_type": 9, "codename": "markDel_devevent"}}, {"model": "auth.permission", "pk": 252, "fields": {"name": "\u9500\u552e\u5458\u5de5:\u589e\u52a0\u9500\u552e\u5ba2\u6237", "content_type": 13, "codename": "insert_salecustomer"}}, {"model": "auth.permission", "pk": 253, "fields": {"name": "\u9500\u552e\u5458\u5de5:\u6807\u8bb0\u5220\u9664\u9500\u552e\u62dc\u8bbf\u4e8b\u4ef6", "content_type": 7, "codename": "markDel__saleevent"}}, {"model": "auth.group", "pk": 1, "fields": {"name": "\u901a\u7528\u6743\u9650", "permissions": [235, 236, 237]}}, {"model": "auth.group", "pk": 2, "fields": {"name": "\u6280\u672f\u5458\u5de5\u7ec4", "permissions": [233, 238, 251, 232, 173, 189, 240, 242, 239]}}, {"model": "auth.group", "pk": 3, "fields": {"name": "\u9500\u552e\u5458\u5de5\u7ec4", "permissions": [243, 252, 244, 249, 253, 245, 250, 248, 240, 242, 239]}}, {"model": "auth.group", "pk": 4, "fields": {"name": "\u6280\u672f\u4e3b\u7ba1\u7ec4", "permissions": [199, 205, 206, 207, 234, 241]}}, {"model": "auth.group", "pk": 5, "fields": {"name": "\u9500\u552e\u4e3b\u7ba1\u7ec4", "permissions": [183, 184, 185, 243, 246, 247, 177, 178, 179, 248, 196, 197, 198, 241]}}, {"model": "auth.group", "pk": 6, "fields": {"name": "\u7528\u6237\u7ba1\u7406\u5458", "permissions": [205, 206, 207, 237]}}, {"model": "accounts.user", "pk": 1, "fields": {"password": "pbkdf2_sha256$30000$z4A8VA9DRHe3$C8AZD9tG2X+YHjOe1EEJBjlSP0XimlSoYuJ2od74D9M=", "last_login": "2017-06-09T14:35:24.755", "is_superuser": true, "username": "admin", "first_name": "", "last_name": "", "email": "llfccc@live.cn", "is_staff": true, "is_active": true, "date_joined": "2017-05-31T13:09:00", "describition": "", "chinese_name": "\u7ba1\u7406\u5458", "department": 4, "position": 2, "groups": [1, 2, 3, 4, 5], "user_permissions": []}}, {"model": "accounts.user", "pk": 3, "fields": {"password": "pbkdf2_sha256$30000$3oOw3NTpt0nA$tzsFkA5cMoDvHNjUs8feId/2AOSgoDjBNsTdTLnIIio=", "last_login": "2017-06-09T14:40:04.020", "is_superuser": false, "username": "xiaoshouzhuguan", "first_name": "", "last_name": "", "email": "", "is_staff": true, "is_active": true, "date_joined": "2017-06-01T09:03:00", "describition": "", "chinese_name": "\u9500\u552e\u4e3b\u7ba1", "department": 3, "position": 5, "groups": [1, 3, 5], "user_permissions": [199, 200, 201, 235, 202, 203, 204, 183, 184, 185, 177, 178, 179, 196, 197, 198]}}, {"model": "accounts.user", "pk": 4, "fields": {"password": "pbkdf2_sha256$30000$KiLOXOW3FF5u$X0PHyHBNtaEQi4ZnwaPU5vu31x6/Ka/iWJhpfWEvQwA=", "last_login": "2017-06-09T09:02:46.746", "is_superuser": false, "username": "etl", "first_name": "", "last_name": "", "email": "", "is_staff": false, "is_active": true, "date_joined": "2017-06-01T09:05:00", "describition": "", "chinese_name": "ETL", "department": 1, "position": 3, "groups": [1, 2], "user_permissions": []}}, {"model": "accounts.user", "pk": 5, "fields": {"password": "pbkdf2_sha256$30000$8UVc9a1OUUyD$9zHTWgCw7RabNwVPpp1U9pWV0ix5OPvujDIjuw6Op2I=", "last_login": "2017-06-09T14:13:41.116", "is_superuser": false, "username": "jishuzhuguan", "first_name": "", "last_name": "", "email": "", "is_staff": true, "is_active": true, "date_joined": "2017-06-06T15:22:00", "describition": null, "chinese_name": "\u6280\u672f\u4e3b\u7ba1", "department": 1, "position": 5, "groups": [1, 2, 4], "user_permissions": []}}, {"model": "accounts.user", "pk": 6, "fields": {"password": "pbkdf2_sha256$30000$xzv77ObwQFwS$lI16wsJ2PtOLTJPoccX5qfuMYBrpgaiYt+mLbuZ5TKs=", "last_login": "2017-06-09T09:44:11.756", "is_superuser": false, "username": "xiaoshou", "first_name": "", "last_name": "", "email": "", "is_staff": false, "is_active": true, "date_joined": "2017-06-06T15:29:00", "describition": null, "chinese_name": "\u9500\u552e", "department": 3, "position": 2, "groups": [1, 3], "user_permissions": []}}, {"model": "accounts.user", "pk": 7, "fields": {"password": "pbkdf2_sha256$30000$CQMgmFI1Wo2i$A1p1dzKW9vKoynCVXviMe/5oA45wiQkC2kPYTtUnzAk=", "last_login": "2017-06-09T09:08:02.376", "is_superuser": false, "username": "houduan", "first_name": "", "last_name": "", "email": "", "is_staff": false, "is_active": true, "date_joined": "2017-06-08T18:33:00", "describition": null, "chinese_name": "\u540e\u7aef", "department": 1, "position": 2, "groups": [1, 2], "user_permissions": []}}, {"model": "accounts.user", "pk": 8, "fields": {"password": "pbkdf2_sha256$30000$boSnumLe4jnJ$FDabOJGLe5nANqYmz2O/N2LH5LRVEDzdcGFoUikgLFU=", "last_login": "2017-06-09T10:44:07.437", "is_superuser": false, "username": "qianduan", "first_name": "", "last_name": "", "email": "", "is_staff": false, "is_active": true, "date_joined": "2017-06-08T18:33:00", "describition": null, "chinese_name": "\u524d\u7aef", "department": 1, "position": 1, "groups": [1, 2], "user_permissions": []}}, {"model": "accounts.user", "pk": 9, "fields": {"password": "pbkdf2_sha256$30000$3fsnB95UsUAH$/z32jBIiiToJQtC6SOTksrmScSLu7mVfdicfmlltW5c=", "last_login": "2017-06-09T10:00:58.376", "is_superuser": false, "username": "xiaoshou2", "first_name": "", "last_name": "", "email": "", "is_staff": false, "is_active": true, "date_joined": "2017-06-09T09:22:00", "describition": null, "chinese_name": "\u9500\u552e2", "department": 3, "position": 2, "groups": [1, 3], "user_permissions": []}}, {"model": "accounts.user", "pk": 10, "fields": {"password": "pbkdf2_sha256$30000$W4uxld6bGAcP$/RVJNzhuXvIWcvr1XPkMf7adQy/ikVqKh+oQbYg7GC8=", "last_login": null, "is_superuser": false, "username": "xiaoshou3", "first_name": "", "last_name": "", "email": "", "is_staff": false, "is_active": true, "date_joined": "2017-06-09T13:38:00", "describition": null, "chinese_name": "\u9500\u552e3", "department": 3, "position": 4, "groups": [1, 3], "user_permissions": []}}, {"model": "accounts.user", "pk": 11, "fields": {"password": "pbkdf2_sha256$30000$k93RXojlMJKi$QITpEe/ge8okYyaQ8siMlPbCiIVRt32Fr31QSUg0RH8=", "last_login": null, "is_superuser": false, "username": "ceshi", "first_name": "", "last_name": "", "email": "", "is_staff": false, "is_active": true, "date_joined": "2017-06-09T13:40:00", "describition": null, "chinese_name": "\u6d4b\u8bd5", "department": 1, "position": 6, "groups": [1, 2], "user_permissions": []}}, {"model": "accounts.user", "pk": 12, "fields": {"password": "pbkdf2_sha256$30000$RTpDHFzPORaX$+WBr2xsonFea4o92150EiuAWuw2iHx9HFLXeFYtTl4o=", "last_login": "2017-06-09T14:28:08.385", "is_superuser": false, "username": "user_manager", "first_name": "", "last_name": "", "email": "", "is_staff": true, "is_active": true, "date_joined": "2017-06-09T13:56:00", "describition": null, "chinese_name": "\u7528\u6237\u7ba1\u7406\u5458", "department": null, "position": null, "groups": [1], "user_permissions": [205, 206, 207]}}, {"model": "api.saleevent", "pk": 1, "fields": {"cus_con_post": "4", "visit_date": "2017-06-08", "cus_con_mdn": "4", "cus_con_tel_num": "4", "cus_con_wechart": "4", "communicate_record": "4", "sale_event_remark": "", "create_time": "2017-06-08T17:41:00.888", "sale_event_owner": 6, "active_type": 3, "sale_customer": 6, "sale_phase": 6}}, {"model": "api.saleevent", "pk": 2, "fields": {"cus_con_post": "3", "visit_date": "2017-06-09", "cus_con_mdn": "5", "cus_con_tel_num": "6", "cus_con_wechart": "4", "communicate_record": "\u6df7\u9762\u719f", "sale_event_remark": "\u7684\u6c34\u7535\u8d39\u6c34\u7535\u8d39\u662f\u8303\u5fb7\u8428\u8303\u5fb7\u8428", "create_time": "2017-06-09T09:23:51.805", "sale_event_owner": 6, "active_type": 3, "sale_customer": 6, "sale_phase": 3}}, {"model": "api.saleevent", "pk": 3, "fields": {"cus_con_post": "\u7ecf\u7406", "visit_date": "2017-06-05", "cus_con_mdn": "17634688890", "cus_con_tel_num": "0761-3434215", "cus_con_wechart": "sdfdsfsd23", "communicate_record": "\u521d\u6b65\u6c9f\u901a\u4e86\u4e1a\u52a1\u9700\u6c42", "sale_event_remark": "\u5907\u6ce8", "create_time": "2017-06-09T09:27:37.007", "sale_event_owner": 6, "active_type": 6, "sale_customer": 4, "sale_phase": 7}}, {"model": "api.saleevent", "pk": 4, "fields": {"cus_con_post": "34", "visit_date": "2017-06-09", "cus_con_mdn": "18823424234", "cus_con_tel_num": "34343-34343", "cus_con_wechart": "234234", "communicate_record": "\u6838\u5fc3\u9700\u6c42\u5df2\u8c08\u59a5", "sale_event_remark": "", "create_time": "2017-06-09T09:29:24.180", "sale_event_owner": 6, "active_type": 2, "sale_customer": 6, "sale_phase": 4}}, {"model": "api.saleevent", "pk": 6, "fields": {"cus_con_post": "cto", "visit_date": "2017-06-09", "cus_con_mdn": "134324234", "cus_con_tel_num": "234324-34", "cus_con_wechart": "ssdf", "communicate_record": "\u521d\u6b21\u78b0\u9762", "sale_event_remark": "\u58eb\u5927\u592b\u6492", "create_time": "2017-06-09T10:10:11.519", "sale_event_owner": 9, "active_type": 3, "sale_customer": 8, "sale_phase": 3}}, {"model": "api.saleevent", "pk": 7, "fields": {"cus_con_post": "\u7ecf\u7406", "visit_date": "2017-06-09", "cus_con_mdn": "12332423", "cus_con_tel_num": "343-234324", "cus_con_wechart": "sdfsdf", "communicate_record": "\u4e86\u89e3\u4e00\u4e0b", "sale_event_remark": "", "create_time": "2017-06-09T10:16:02.278", "sale_event_owner": 9, "active_type": 6, "sale_customer": 7, "sale_phase": 7}}, {"model": "api.saleevent", "pk": 8, "fields": {"cus_con_post": "\u526f\u603b", "visit_date": "2017-06-09", "cus_con_mdn": "12343234", "cus_con_tel_num": "342342", "cus_con_wechart": "2323", "communicate_record": "\u6c9f\u901a\u4e00\u4e0b", "sale_event_remark": "\u58eb\u5927\u592b\u6492", "create_time": "2017-06-09T10:18:02.711", "sale_event_owner": 9, "active_type": 5, "sale_customer": 7, "sale_phase": 5}}, {"model": "api.saletarget", "pk": 1, "fields": {"natural_week": "2017-23", "phase_name": 4, "target": 1, "phase_count": 10, "sale_target_remark": "\u54c8\u54c8", "create_time": "2017-06-01T09:13:35.249", "sale_target_owner": 6}}, {"model": "api.saletarget", "pk": 2, "fields": {"natural_week": "2017-23", "phase_name": 5, "target": 2, "phase_count": 3, "sale_target_remark": "\u5730\u65b9", "create_time": "2017-06-01T09:14:17.112", "sale_target_owner": 6}}, {"model": "api.saletarget", "pk": 3, "fields": {"natural_week": "2017-23", "phase_name": 6, "target": 4, "phase_count": 4, "sale_target_remark": "", "create_time": "2017-06-07T17:33:07.939", "sale_target_owner": 6}}, {"model": "api.saletarget", "pk": 4, "fields": {"natural_week": "2017-23", "phase_name": 3, "target": 3, "phase_count": 3, "sale_target_remark": "\u5730\u65b9", "create_time": "2017-06-01T09:14:17.112", "sale_target_owner": 6}}, {"model": "api.salecustomer", "pk": 4, "fields": {"full_name": "\u676d\u5dde\u7fa4\u4e30\u679c\u54c1\u8fde\u9501\u6709\u9650\u516c\u53f8", "short_name": "\u9c9c\u4e30\u6c34\u679c", "contact_post": "\u90e8\u95e8\u7ecf\u7406", "contact_name": "\u5218\u7ecf\u7406", "contact_mdn": "17688888818", "contact_tel_num": "85464568", "sale_customer_remark": "\u5ba2\u6237\u5907\u6ce8", "sale_customer_owner": 6, "create_time": "2017-06-08T17:22:37.810", "closed_status": 0}}, {"model": "api.salecustomer", "pk": 5, "fields": {"full_name": "\u6d59\u6c5f\u4e00\u9e23\u98df\u54c1\u80a1\u4efd\u6709\u9650\u516c\u53f8", "short_name": "\u4e00\u9e23", "contact_post": "\u90e8\u95e8\u7ecf\u7406", "contact_name": "\u738b\u7ecf\u7406", "contact_mdn": "199999888", "contact_tel_num": "45783157", "sale_customer_remark": "\u5ba2\u6237\u5907\u6ce82", "sale_customer_owner": 6, "create_time": "2017-06-08T17:22:37.810", "closed_status": 0}}, {"model": "api.salecustomer", "pk": 6, "fields": {"full_name": "\u6d59\u6c5f\u661f\u5965\u6c7d\u8f66\u7ef4\u4fee\u670d\u52a1\u6709\u9650\u516c\u53f8", "short_name": "\u661f\u5965\u8f66\u8054", "contact_post": "\u603b\u7ecf\u7406", "contact_name": "\u4f55\u7ecf\u7406", "contact_mdn": "111111118", "contact_tel_num": "45783432", "sale_customer_remark": "\u5ba2\u6237\u5907\u6ce83", "sale_customer_owner": 6, "create_time": "2017-06-08T17:22:37.810", "closed_status": 0}}, {"model": "api.salecustomer", "pk": 7, "fields": {"full_name": "\u4e2d\u56fd\u7535\u4fe1\u7f51\u4e0a\u8425\u4e1a\u5385", "short_name": "\u7535\u4fe1\u7f51", "contact_post": "ceo", "contact_name": "\u9648\u6653\u6653", "contact_mdn": "12343435546", "contact_tel_num": "0734-3432432", "sale_customer_remark": "\u58eb\u5927\u592b\u6492", "sale_customer_owner": 9, "create_time": "2017-06-09T10:01:29.720", "closed_status": 0}}, {"model": "api.salecustomer", "pk": 8, "fields": {"full_name": "\u4e2d\u56fd\u8054\u901a\u7f51\u4e0a\u8425\u4e1a\u5385", "short_name": "\u8054\u901a\u7f51", "contact_post": "cto", "contact_name": "\u5e38\u7b11\u7b11", "contact_mdn": "1894512781", "contact_tel_num": "223423423", "sale_customer_remark": "\u662f\u5426", "sale_customer_owner": 9, "create_time": "2017-06-09T10:04:00.920", "closed_status": 0}}, {"model": "api.weeksummary", "pk": 1, "fields": {"natural_week": "2017-23", "summary": "\u603b\u7ed3", "self_evaluation": "\u8bc4\u4ef7\u4e00\u4e0b", "plan": "\u51e0\u4e4e\u4e00\u4e0b", "create_time": "2017-06-08T17:14:48.930", "summary_owner": 4}}, {"model": "api.weeksummary", "pk": 6, "fields": {"natural_week": "2017-23", "summary": "\u603b\u7ed3\u4e00\u4e0b\u5427", "self_evaluation": "\u597d", "plan": "\u5f85\u5b9a", "create_time": "2017-06-07T13:17:05.929", "summary_owner": 1}}, {"model": "api.weeksummary", "pk": 9, "fields": {"natural_week": "2017-25", "summary": "3324 \u6c34\u7535\u8d39", "self_evaluation": "3\u9632\u5b88\u6253\u6cd5", "plan": "3\u6c34\u7535\u8d39", "create_time": "2017-06-08T17:45:18.218", "summary_owner": 6}}, {"model": "api.weeksummary", "pk": 10, "fields": {"natural_week": "2017-23", "summary": "\u6d4b\u8bd5bug", "self_evaluation": "\u5730\u65b9", "plan": "\u5730\u65b9", "create_time": "2017-06-08T17:48:11.999", "summary_owner": 6}}, {"model": "api.weeksummary", "pk": 11, "fields": {"natural_week": "2017-22", "summary": "\u5b66\u4e9betl\u600e\u4e48\u505a", "self_evaluation": "\u8fdb\u5ea6\u8fd8\u884c", "plan": "\u8fdb\u4e00\u6b65\u5b66\u4e60", "create_time": "2017-06-09T09:05:30.759", "summary_owner": 4}}, {"model": "api.weeksummary", "pk": 12, "fields": {"natural_week": "2017-23", "summary": "\u5b66\u5199\u4e86js\u7684\u57fa\u7840", "self_evaluation": "\u8fdb\u6b65\u660e\u663e", "plan": "\u597d\u597d\u770b\u4e66", "create_time": "2017-06-09T09:16:39.326", "summary_owner": 7}}, {"model": "api.weeksummary", "pk": 14, "fields": {"natural_week": "2017-23", "summary": "\u5b8c\u6210\u8054\u901a\u7684\u521d\u6b21\u8c03\u67e5\u548c\u62dc\u8bbf", "self_evaluation": "\u633a\u597d", "plan": "\u54c8\u54c8\u54c8\u54c8", "create_time": "2017-06-09T10:14:20.169", "summary_owner": 9}}, {"model": "api.weeksummary", "pk": 15, "fields": {"natural_week": "2017-23", "summary": "\u719f\u6089angular \u548cvue", "self_evaluation": "\u5b66\u4e60\u80fd\u529b\u5f3a", "plan": "\u5f88\u591a", "create_time": "2017-06-09T10:44:58.135", "summary_owner": 8}}, {"model": "api.devevent", "pk": 2, "fields": {"description": "\u6d4b\u8bd5\u6743\u9650", "event_date": "2017-06-08", "start_time": "17:05:58", "end_time": "18:05:58", "fin_percentage": 90, "up_reporter_id": "4", "down_reporter_ids": "2,1", "dev_event_remark": "\u5730\u65b9", "dev_event_create_time": "2017-06-08T17:08:54.867", "dev_event_owner": 4, "dev_event_project_id": 1, "dev_event_type": 2}}, {"model": "api.devevent", "pk": 3, "fields": {"description": "\u7b2c\u4e8c\u6b21\u6d4b\u8bd5\u6743\u9650", "event_date": "2017-06-08", "start_time": "14:04:58", "end_time": "18:05:58", "fin_percentage": 20, "up_reporter_id": "4", "down_reporter_ids": "2,1", "dev_event_remark": "\u5730\u65b9", "dev_event_create_time": "2017-06-08T17:09:04.842", "dev_event_owner": 4, "dev_event_project_id": 1, "dev_event_type": 1}}, {"model": "api.devevent", "pk": 4, "fields": {"description": "\u5f00\u53d1\u540e\u7aef\u529f\u80fd", "event_date": "2017-06-09", "start_time": "09:10:57", "end_time": "10:10:57", "fin_percentage": 100, "up_reporter_id": "5", "down_reporter_ids": "4,8", "dev_event_remark": "\u505a\u5b8c\u5566", "dev_event_create_time": "2017-06-09T09:11:19.801", "dev_event_owner": 7, "dev_event_project_id": 1, "dev_event_type": 1}}, {"model": "api.devevent", "pk": 5, "fields": {"description": "\u8ba8\u8bba\u4fee\u6539\u9700\u6c42", "event_date": "2017-06-09", "start_time": "09:12:15", "end_time": "10:12:15", "fin_percentage": 50, "up_reporter_id": "5", "down_reporter_ids": "8", "dev_event_remark": "\u54c8\u54c8", "dev_event_create_time": "2017-06-09T09:12:24.294", "dev_event_owner": 7, "dev_event_project_id": 1, "dev_event_type": 2}}, {"model": "api.devevent", "pk": 6, "fields": {"description": "\u5b66\u4e60js", "event_date": "2017-06-09", "start_time": "09:15:11", "end_time": "10:15:11", "fin_percentage": 40, "up_reporter_id": "5", "down_reporter_ids": "8", "dev_event_remark": "34", "dev_event_create_time": "2017-06-09T09:16:00.824", "dev_event_owner": 7, "dev_event_project_id": 1, "dev_event_type": 3}}, {"model": "api.devevent", "pk": 7, "fields": {"description": "\u5f00\u53d1\u524d\u7aef\u9875\u9762", "event_date": "2017-06-09", "start_time": "10:44:20", "end_time": "11:44:20", "fin_percentage": 30, "up_reporter_id": "7", "down_reporter_ids": "5", "dev_event_remark": "345435", "dev_event_create_time": "2017-06-09T10:44:38.217", "dev_event_owner": 8, "dev_event_project_id": 1, "dev_event_type": 1}}, {"model": "api.devproject", "pk": 1, "fields": {"project_name": "\u7269\u4ea7\u5316\u5de5", "closed_status": 0, "create_time": "2017-05-31T14:44:02.644", "project_creator": 3, "dev_project_remark": ""}}, {"model": "api.devproject", "pk": 2, "fields": {"project_name": "\u5468\u62a5\u9879\u76ee", "closed_status": 0, "create_time": "2017-05-31T14:45:06.729", "project_creator": 3, "dev_project_remark": ""}}, {"model": "admin.logentry", "pk": 1, "fields": {"action_time": "2017-06-08T16:33:30.115", "user": 1, "content_type": 26, "object_id": "1", "object_repr": "\u7ba1\u7406\u5458", "action_flag": 2, "change_message": "[{\"changed\": {\"fields\": [\"last_login\"]}}]"}}, {"model": "admin.logentry", "pk": 2, "fields": {"action_time": "2017-06-08T16:34:26.458", "user": 1, "content_type": 26, "object_id": "4", "object_repr": "\u6280\u672f", "action_flag": 2, "change_message": "[{\"changed\": {\"fields\": [\"username\", \"last_login\"]}}]"}}, {"model": "admin.logentry", "pk": 3, "fields": {"action_time": "2017-06-08T16:36:45.795", "user": 1, "content_type": 26, "object_id": "4", "object_repr": "ETL", "action_flag": 2, "change_message": "[{\"changed\": {\"fields\": [\"last_login\"]}}]"}}, {"model": "admin.logentry", "pk": 4, "fields": {"action_time": "2017-06-08T16:38:27.374", "user": 1, "content_type": 3, "object_id": "2", "object_repr": "\u6280\u672f\u5458\u5de5\u7ec4", "action_flag": 2, "change_message": "[]"}}, {"model": "admin.logentry", "pk": 5, "fields": {"action_time": "2017-06-08T16:41:33.224", "user": 1, "content_type": 3, "object_id": "1", "object_repr": "\u901a\u7528\u6743\u9650", "action_flag": 2, "change_message": "[]"}}, {"model": "admin.logentry", "pk": 6, "fields": {"action_time": "2017-06-08T16:42:38.204", "user": 1, "content_type": 3, "object_id": "2", "object_repr": "\u6280\u672f\u5458\u5de5\u7ec4", "action_flag": 2, "change_message": "[]"}}, {"model": "admin.logentry", "pk": 7, "fields": {"action_time": "2017-06-08T16:52:11.160", "user": 1, "content_type": 3, "object_id": "2", "object_repr": "\u6280\u672f\u5458\u5de5\u7ec4", "action_flag": 2, "change_message": "[]"}}, {"model": "admin.logentry", "pk": 8, "fields": {"action_time": "2017-06-08T16:53:03.640", "user": 1, "content_type": 3, "object_id": "2", "object_repr": "\u6280\u672f\u5458\u5de5\u7ec4", "action_flag": 2, "change_message": "[]"}}, {"model": "admin.logentry", "pk": 9, "fields": {"action_time": "2017-06-08T17:00:57.709", "user": 1, "content_type": 3, "object_id": "2", "object_repr": "\u6280\u672f\u5458\u5de5\u7ec4", "action_flag": 2, "change_message": "[]"}}, {"model": "admin.logentry", "pk": 10, "fields": {"action_time": "2017-06-08T17:04:37.019", "user": 1, "content_type": 3, "object_id": "1", "object_repr": "\u901a\u7528\u6743\u9650", "action_flag": 2, "change_message": "[]"}}, {"model": "admin.logentry", "pk": 11, "fields": {"action_time": "2017-06-08T17:05:45.216", "user": 1, "content_type": 3, "object_id": "2", "object_repr": "\u6280\u672f\u5458\u5de5\u7ec4", "action_flag": 2, "change_message": "[]"}}, {"model": "admin.logentry", "pk": 12, "fields": {"action_time": "2017-06-08T17:08:46.729", "user": 1, "content_type": 3, "object_id": "2", "object_repr": "\u6280\u672f\u5458\u5de5\u7ec4", "action_flag": 2, "change_message": "[]"}}, {"model": "admin.logentry", "pk": 13, "fields": {"action_time": "2017-06-08T17:13:44.021", "user": 1, "content_type": 3, "object_id": "2", "object_repr": "\u6280\u672f\u5458\u5de5\u7ec4", "action_flag": 2, "change_message": "[]"}}, {"model": "admin.logentry", "pk": 14, "fields": {"action_time": "2017-06-08T17:15:40.967", "user": 1, "content_type": 26, "object_id": "6", "object_repr": "\u9500\u552e", "action_flag": 2, "change_message": "[{\"changed\": {\"fields\": [\"last_login\"]}}]"}}, {"model": "admin.logentry", "pk": 15, "fields": {"action_time": "2017-06-08T17:19:22.775", "user": 1, "content_type": 3, "object_id": "3", "object_repr": "\u9500\u552e\u5458\u5de5\u7ec4", "action_flag": 2, "change_message": "[]"}}, {"model": "admin.logentry", "pk": 16, "fields": {"action_time": "2017-06-08T17:20:28.344", "user": 1, "content_type": 3, "object_id": "3", "object_repr": "\u9500\u552e\u5458\u5de5\u7ec4", "action_flag": 2, "change_message": "[]"}}, {"model": "admin.logentry", "pk": 17, "fields": {"action_time": "2017-06-08T17:21:42.064", "user": 1, "content_type": 3, "object_id": "3", "object_repr": "\u9500\u552e\u5458\u5de5\u7ec4", "action_flag": 2, "change_message": "[]"}}, {"model": "admin.logentry", "pk": 18, "fields": {"action_time": "2017-06-08T17:25:08.861", "user": 1, "content_type": 3, "object_id": "3", "object_repr": "\u9500\u552e\u5458\u5de5\u7ec4", "action_flag": 2, "change_message": "[]"}}, {"model": "admin.logentry", "pk": 19, "fields": {"action_time": "2017-06-08T17:28:56.765", "user": 1, "content_type": 3, "object_id": "3", "object_repr": "\u9500\u552e\u5458\u5de5\u7ec4", "action_flag": 2, "change_message": "[]"}}, {"model": "admin.logentry", "pk": 20, "fields": {"action_time": "2017-06-08T17:30:25.148", "user": 1, "content_type": 3, "object_id": "3", "object_repr": "\u9500\u552e\u5458\u5de5\u7ec4", "action_flag": 2, "change_message": "[]"}}, {"model": "admin.logentry", "pk": 21, "fields": {"action_time": "2017-06-08T17:38:50.534", "user": 1, "content_type": 3, "object_id": "3", "object_repr": "\u9500\u552e\u5458\u5de5\u7ec4", "action_flag": 2, "change_message": "[]"}}, {"model": "admin.logentry", "pk": 22, "fields": {"action_time": "2017-06-08T17:40:37.501", "user": 1, "content_type": 3, "object_id": "3", "object_repr": "\u9500\u552e\u5458\u5de5\u7ec4", "action_flag": 2, "change_message": "[]"}}, {"model": "admin.logentry", "pk": 23, "fields": {"action_time": "2017-06-08T17:41:48.513", "user": 1, "content_type": 3, "object_id": "3", "object_repr": "\u9500\u552e\u5458\u5de5\u7ec4", "action_flag": 2, "change_message": "[]"}}, {"model": "admin.logentry", "pk": 24, "fields": {"action_time": "2017-06-08T17:49:10.379", "user": 1, "content_type": 3, "object_id": "4", "object_repr": "\u6280\u672f\u4e3b\u7ba1\u7ec4", "action_flag": 2, "change_message": "[]"}}, {"model": "admin.logentry", "pk": 25, "fields": {"action_time": "2017-06-08T17:49:36.264", "user": 1, "content_type": 26, "object_id": "5", "object_repr": "\u6280\u672f\u4e3b\u7ba1", "action_flag": 2, "change_message": "[{\"changed\": {\"fields\": [\"username\", \"last_login\"]}}]"}}, {"model": "admin.logentry", "pk": 26, "fields": {"action_time": "2017-06-08T17:50:53.348", "user": 1, "content_type": 3, "object_id": "4", "object_repr": "\u6280\u672f\u4e3b\u7ba1\u7ec4", "action_flag": 2, "change_message": "[]"}}, {"model": "admin.logentry", "pk": 27, "fields": {"action_time": "2017-06-08T17:53:23.284", "user": 1, "content_type": 3, "object_id": "5", "object_repr": "\u9500\u552e\u4e3b\u7ba1\u7ec4", "action_flag": 2, "change_message": "[]"}}, {"model": "admin.logentry", "pk": 28, "fields": {"action_time": "2017-06-08T17:54:54.899", "user": 1, "content_type": 26, "object_id": "3", "object_repr": "\u9500\u552ezhuguan", "action_flag": 2, "change_message": "[{\"changed\": {\"fields\": [\"last_login\"]}}]"}}, {"model": "admin.logentry", "pk": 29, "fields": {"action_time": "2017-06-08T17:56:08.405", "user": 1, "content_type": 3, "object_id": "5", "object_repr": "\u9500\u552e\u4e3b\u7ba1\u7ec4", "action_flag": 2, "change_message": "[]"}}, {"model": "admin.logentry", "pk": 30, "fields": {"action_time": "2017-06-08T17:57:06.698", "user": 1, "content_type": 26, "object_id": "4", "object_repr": "ETL", "action_flag": 2, "change_message": "[]"}}, {"model": "admin.logentry", "pk": 31, "fields": {"action_time": "2017-06-08T17:59:16.479", "user": 1, "content_type": 26, "object_id": "3", "object_repr": "\u9500\u552ezhuguan", "action_flag": 2, "change_message": "[{\"changed\": {\"fields\": [\"last_login\"]}}]"}}, {"model": "admin.logentry", "pk": 32, "fields": {"action_time": "2017-06-08T18:01:46.026", "user": 1, "content_type": 26, "object_id": "5", "object_repr": "\u6280\u672f\u4e3b\u7ba1", "action_flag": 2, "change_message": "[{\"changed\": {\"fields\": [\"is_staff\", \"last_login\"]}}]"}}, {"model": "admin.logentry", "pk": 33, "fields": {"action_time": "2017-06-08T18:11:29.813", "user": 1, "content_type": 26, "object_id": "3", "object_repr": "\u9500\u552ezhuguan", "action_flag": 2, "change_message": "[{\"changed\": {\"fields\": [\"last_login\"]}}]"}}, {"model": "admin.logentry", "pk": 34, "fields": {"action_time": "2017-06-08T18:13:09.356", "user": 1, "content_type": 26, "object_id": "3", "object_repr": "\u9500\u552ezhuguan", "action_flag": 2, "change_message": "[]"}}, {"model": "admin.logentry", "pk": 35, "fields": {"action_time": "2017-06-08T18:18:16.990", "user": 3, "content_type": 14, "object_id": "1", "object_repr": "2017-1--G--\u9500\u552e", "action_flag": 2, "change_message": "[{\"changed\": {\"fields\": [\"natural_week\", \"phase_name\"]}}]"}}, {"model": "admin.logentry", "pk": 36, "fields": {"action_time": "2017-06-08T18:31:38.725", "user": 1, "content_type": 26, "object_id": "2", "object_repr": "\u540e\u7aef", "action_flag": 3, "change_message": ""}}, {"model": "admin.logentry", "pk": 37, "fields": {"action_time": "2017-06-08T18:33:32.153", "user": 1, "content_type": 26, "object_id": "7", "object_repr": "None", "action_flag": 1, "change_message": "[{\"added\": {}}]"}}, {"model": "admin.logentry", "pk": 38, "fields": {"action_time": "2017-06-08T18:33:43.458", "user": 1, "content_type": 26, "object_id": "7", "object_repr": "None", "action_flag": 2, "change_message": "[]"}}, {"model": "admin.logentry", "pk": 39, "fields": {"action_time": "2017-06-08T18:33:52.944", "user": 1, "content_type": 26, "object_id": "8", "object_repr": "None", "action_flag": 1, "change_message": "[{\"added\": {}}]"}}, {"model": "admin.logentry", "pk": 40, "fields": {"action_time": "2017-06-08T18:35:09.113", "user": 1, "content_type": 26, "object_id": "8", "object_repr": "None", "action_flag": 2, "change_message": "[]"}}, {"model": "admin.logentry", "pk": 41, "fields": {"action_time": "2017-06-09T08:52:52.351", "user": 1, "content_type": 3, "object_id": "2", "object_repr": "\u6280\u672f\u5458\u5de5\u7ec4", "action_flag": 2, "change_message": "[]"}}, {"model": "admin.logentry", "pk": 42, "fields": {"action_time": "2017-06-09T08:57:16.752", "user": 1, "content_type": 3, "object_id": "2", "object_repr": "\u6280\u672f\u5458\u5de5\u7ec4", "action_flag": 2, "change_message": "[]"}}, {"model": "admin.logentry", "pk": 43, "fields": {"action_time": "2017-06-09T09:15:34.780", "user": 1, "content_type": 6, "object_id": "3", "object_repr": "\u5b66\u4e60", "action_flag": 2, "change_message": "[{\"changed\": {\"fields\": [\"event_type_name\"]}}]"}}, {"model": "admin.logentry", "pk": 44, "fields": {"action_time": "2017-06-09T09:22:43.051", "user": 1, "content_type": 26, "object_id": "9", "object_repr": "None", "action_flag": 1, "change_message": "[{\"added\": {}}]"}}, {"model": "admin.logentry", "pk": 45, "fields": {"action_time": "2017-06-09T09:22:53.689", "user": 1, "content_type": 26, "object_id": "9", "object_repr": "None", "action_flag": 2, "change_message": "[]"}}, {"model": "admin.logentry", "pk": 46, "fields": {"action_time": "2017-06-09T09:56:55.529", "user": 1, "content_type": 3, "object_id": "3", "object_repr": "\u9500\u552e\u5458\u5de5\u7ec4", "action_flag": 2, "change_message": "[]"}}, {"model": "admin.logentry", "pk": 47, "fields": {"action_time": "2017-06-09T10:09:35.418", "user": 1, "content_type": 3, "object_id": "3", "object_repr": "\u9500\u552e\u5458\u5de5\u7ec4", "action_flag": 2, "change_message": "[]"}}, {"model": "admin.logentry", "pk": 48, "fields": {"action_time": "2017-06-09T13:38:53.084", "user": 1, "content_type": 26, "object_id": "10", "object_repr": "None", "action_flag": 1, "change_message": "[{\"added\": {}}]"}}, {"model": "admin.logentry", "pk": 49, "fields": {"action_time": "2017-06-09T13:39:46.520", "user": 1, "content_type": 26, "object_id": "10", "object_repr": "\u9500\u552e3", "action_flag": 2, "change_message": "[{\"changed\": {\"fields\": [\"chinese_name\"]}}]"}}, {"model": "admin.logentry", "pk": 50, "fields": {"action_time": "2017-06-09T13:40:45.697", "user": 1, "content_type": 26, "object_id": "11", "object_repr": "\u6d4b\u8bd5", "action_flag": 1, "change_message": "[{\"added\": {}}]"}}, {"model": "admin.logentry", "pk": 51, "fields": {"action_time": "2017-06-09T13:45:16.873", "user": 1, "content_type": 26, "object_id": "10", "object_repr": "\u9500\u552e3", "action_flag": 2, "change_message": "[{\"changed\": {\"fields\": [\"department\", \"position\"]}}]"}}, {"model": "admin.logentry", "pk": 52, "fields": {"action_time": "2017-06-09T13:46:05.190", "user": 1, "content_type": 17, "object_id": "6", "object_repr": "\u6d4b\u8bd5", "action_flag": 1, "change_message": "[{\"added\": {}}]"}}, {"model": "admin.logentry", "pk": 53, "fields": {"action_time": "2017-06-09T13:46:11.328", "user": 1, "content_type": 26, "object_id": "11", "object_repr": "\u6d4b\u8bd5", "action_flag": 2, "change_message": "[{\"changed\": {\"fields\": [\"department\", \"position\"]}}]"}}, {"model": "admin.logentry", "pk": 54, "fields": {"action_time": "2017-06-09T13:56:48.928", "user": 1, "content_type": 26, "object_id": "12", "object_repr": "\u7528\u6237\u7ba1\u7406\u5458", "action_flag": 1, "change_message": "[{\"added\": {}}]"}}, {"model": "admin.logentry", "pk": 55, "fields": {"action_time": "2017-06-09T13:58:01.628", "user": 1, "content_type": 3, "object_id": "6", "object_repr": "\u7528\u6237\u7ba1\u7406\u5458", "action_flag": 1, "change_message": "[{\"added\": {}}]"}}, {"model": "admin.logentry", "pk": 56, "fields": {"action_time": "2017-06-09T13:59:48.409", "user": 1, "content_type": 3, "object_id": "4", "object_repr": "\u6280\u672f\u4e3b\u7ba1\u7ec4", "action_flag": 2, "change_message": "[]"}}, {"model": "admin.logentry", "pk": 57, "fields": {"action_time": "2017-06-09T14:01:12.356", "user": 1, "content_type": 3, "object_id": "5", "object_repr": "\u9500\u552e\u4e3b\u7ba1\u7ec4", "action_flag": 2, "change_message": "[]"}}, {"model": "admin.logentry", "pk": 58, "fields": {"action_time": "2017-06-09T14:05:09.069", "user": 1, "content_type": 3, "object_id": "6", "object_repr": "\u7528\u6237\u7ba1\u7406\u5458", "action_flag": 2, "change_message": "[]"}}, {"model": "admin.logentry", "pk": 59, "fields": {"action_time": "2017-06-09T14:06:53.217", "user": 1, "content_type": 26, "object_id": "12", "object_repr": "\u7528\u6237\u7ba1\u7406\u5458", "action_flag": 2, "change_message": "[]"}}, {"model": "admin.logentry", "pk": 60, "fields": {"action_time": "2017-06-09T14:22:05.933", "user": 1, "content_type": 26, "object_id": "12", "object_repr": "\u7528\u6237\u7ba1\u7406\u5458", "action_flag": 2, "change_message": "[{\"changed\": {\"fields\": [\"last_login\"]}}]"}}, {"model": "admin.logentry", "pk": 61, "fields": {"action_time": "2017-06-09T14:22:50.423", "user": 12, "content_type": 15, "object_id": "5", "object_repr": "ddf", "action_flag": 1, "change_message": "[{\"added\": {}}]"}}, {"model": "admin.logentry", "pk": 62, "fields": {"action_time": "2017-06-09T14:24:03.498", "user": 1, "content_type": 26, "object_id": "12", "object_repr": "\u7528\u6237\u7ba1\u7406\u5458", "action_flag": 2, "change_message": "[]"}}, {"model": "admin.logentry", "pk": 63, "fields": {"action_time": "2017-06-09T14:27:00.187", "user": 12, "content_type": 26, "object_id": "11", "object_repr": "\u6d4b\u8bd5", "action_flag": 2, "change_message": "[]"}}, {"model": "admin.logentry", "pk": 64, "fields": {"action_time": "2017-06-09T14:30:41.357", "user": 12, "content_type": 26, "object_id": "1", "object_repr": "\u7ba1\u7406\u5458", "action_flag": 2, "change_message": "[{\"changed\": {\"fields\": [\"password\"]}}]"}}]